-- phpMyAdmin SQL Dump
-- version 5.1.1
-- https://www.phpmyadmin.net/
--
-- Host: 127.0.0.1
-- Generation Time: Nov 09, 2022 at 05:19 PM
-- Server version: 10.4.19-MariaDB
-- PHP Version: 8.0.7

SET SQL_MODE = "NO_AUTO_VALUE_ON_ZERO";
START TRANSACTION;
SET time_zone = "+00:00";


/*!40101 SET @OLD_CHARACTER_SET_CLIENT=@@CHARACTER_SET_CLIENT */;
/*!40101 SET @OLD_CHARACTER_SET_RESULTS=@@CHARACTER_SET_RESULTS */;
/*!40101 SET @OLD_COLLATION_CONNECTION=@@COLLATION_CONNECTION */;
/*!40101 SET NAMES utf8mb4 */;

--
-- Database: `itlog`
--

-- --------------------------------------------------------

--
-- Table structure for table `tblbranch`
--

CREATE TABLE `tblbranch` (
  `id` varchar(10) NOT NULL,
  `name` varchar(59) NOT NULL,
  `branchaddress` varchar(59) NOT NULL,
  `contactnumber` varchar(12) NOT NULL,
  `audit` varchar(4) NOT NULL,
  `active` tinyint(1) NOT NULL
) ENGINE=InnoDB DEFAULT CHARSET=utf8mb4;

--
-- Dumping data for table `tblbranch`
--

INSERT INTO `tblbranch` (`id`, `name`, `branchaddress`, `contactnumber`, `audit`, `active`) VALUES
('B-0000001', 'Taguig Branch', 'McKinley Pkwy, Taguig, 1630 Metro Manila', '+63983555723', 'AT00', 1),
('B-0000002', 'Quezon City Branch', 'North Avenue, corner Epifanio de los Santos Ave, Quezon Cit', '+63910555978', 'AT00', 1),
('B-0000003', 'Mandaluyong Branch', 'EDSA, corner Doña Julia Vargas Ave, Ortigas Center, Mandalu', '+63909555196', 'AT00', 1),
('B-0000004', 'San Fernando Branch', 'East Wing) and, Olongapo-Gapan Road, Lagundi, Mexico, San J', '+63283555472', 'AT00', 1),
('B-0000005', 'Manila Branch', 'Recto Avenue', '09295547831', 'AT00', 1);

-- --------------------------------------------------------

--
-- Table structure for table `tblcategory`
--

CREATE TABLE `tblcategory` (
  `id` varchar(25) NOT NULL,
  `name` varchar(29) NOT NULL,
  `active` tinyint(1) NOT NULL
) ENGINE=InnoDB DEFAULT CHARSET=utf8mb4;

--
-- Dumping data for table `tblcategory`
--

INSERT INTO `tblcategory` (`id`, `name`, `active`) VALUES
('C-0000001', 'PC Case', 2),
('C-0000002', 'Graphics Card', 2),
('C-0000003', 'Laptop', 2),
('C-0000004', 'Processors', 2),
('C-0000005', 'Peripherals', 1),
('C-0000006', 'Memory', 1),
('C-0000007', 'Audio', 1),
('C-0000008', 'Desktop', 1),
('C-0000009', 'Motherboard', 1),
('C-0000010', 'Monitor', 1);

-- --------------------------------------------------------

--
-- Table structure for table `tblcompany`
--

CREATE TABLE `tblcompany` (
  `companyid` int(1) NOT NULL,
  `name` varchar(100) NOT NULL,
  `address` varchar(100) NOT NULL,
  `phonenumber` int(11) NOT NULL
) ENGINE=InnoDB DEFAULT CHARSET=utf8mb4;

--
-- Dumping data for table `tblcompany`
--

INSERT INTO `tblcompany` (`companyid`, `name`, `address`, `phonenumber`) VALUES
(1, 'PC HUB', 'Malapit sa LRT Gilmore Station', 1234567891);

-- --------------------------------------------------------

--
-- Table structure for table `tbldeliveryorder`
--

CREATE TABLE `tbldeliveryorder` (
  `id` varchar(20) NOT NULL,
  `supplierid` varchar(20) NOT NULL,
  `total` decimal(20,2) DEFAULT NULL,
  `branchid` varchar(20) NOT NULL,
  `userid` varchar(20) NOT NULL,
  `date` date NOT NULL DEFAULT current_timestamp(),
  `time` time NOT NULL DEFAULT current_timestamp(),
  `auditid` varchar(20) NOT NULL,
  `active` tinyint(1) NOT NULL
) ENGINE=InnoDB DEFAULT CHARSET=utf8mb4;

--
-- Dumping data for table `tbldeliveryorder`
--

INSERT INTO `tbldeliveryorder` (`id`, `supplierid`, `total`, `branchid`, `userid`, `date`, `time`, `auditid`, `active`) VALUES
('DO-0000001', 'S-0000003', '40000.00', 'B-0000004', 'U-0000001', '2022-10-03', '16:30:35', 'A-0000001', 0),
('DO-0000002', 'S-0000004', '205900.00', 'B-0000001', 'U-0000008', '2022-10-26', '18:18:52', '', 0),
('DO-0000003', 'S-0000004', '24790000.00', 'B-0000001', 'U-0000008', '2022-10-26', '18:19:27', '', 0),
('DO-0000004', 'S-0000004', '16497000.00', 'B-0000001', 'U-0000008', '2022-10-26', '20:24:38', '', 0),
('DO-0000005', 'S-0000004', '16497000.00', 'B-0000001', 'U-0000008', '2022-10-26', '20:25:27', '', 0),
('DO-0000006', 'S-0000005', '19000.00', 'B-0000001', 'U-0000001', '2022-10-27', '21:00:46', '', 0),
('DO-0000007', 'S-0000004', '164970.00', 'B-0000001', 'U-0000001', '2022-10-27', '21:05:17', '', 0),
('DO-0000008', 'S-0000004', '3500.00', 'B-0000001', 'U-0000001', '2022-10-27', '21:06:46', '', 0),
('DO-0000009', 'S-0000003', '15896.00', 'B-0000001', 'U-0000001', '2022-10-27', '21:12:28', '', 0),
('DO-0000010', 'S-0000005', '38000.00', 'B-0000001', 'U-0000001', '2022-10-27', '21:14:02', '', 0),
('DO-0000011', 'S-0000005', '18999.89', 'B-0000001', 'U-0000001', '2022-10-27', '22:47:14', '', 0),
('DO-0000012', 'S-0000003', '58000.88', 'B-0000001', 'U-0000001', '2022-11-02', '21:08:22', '', 1),
('DO-0000013', 'S-0000005', '9738.62', 'B-0000001', 'U-0000001', '2022-11-02', '21:26:02', '', 1),
('DO-0000014', 'S-0000005', '6400.46', 'B-0000001', 'U-0000001', '2022-11-02', '21:26:14', '', 1),
('DO-0000015', 'S-0000005', '37999.78', 'B-0000001', 'U-0000001', '2022-11-02', '21:26:34', '', 1),
('DO-0000016', 'S-0000001', '209155.00', 'B-0000001', 'U-0000001', '2022-11-02', '23:11:06', '', 1),
('DO-0000017', 'S-0000001', '418310.00', 'B-0000001', 'U-0000001', '2022-11-02', '23:11:53', '', 1),
('DO-0000018', 'S-0000001', '627465.00', 'B-0000001', 'U-0000001', '2022-11-02', '23:14:08', '', 1),
('DO-0000019', 'S-0000001', '418310.00', 'B-0000001', 'U-0000001', '2022-11-02', '23:19:53', '', 1),
('DO-0000020', 'S-0000001', '6274.65', 'B-0000001', 'U-0000001', '2022-11-02', '23:23:28', '', 1),
('DO-0000021', 'S-0000001', '14640.85', 'B-0000001', 'U-0000001', '2022-11-02', '23:23:48', '', 1),
('DO-0000022', 'S-0000001', '6274.65', 'B-0000001', 'U-0000001', '2022-11-02', '23:30:27', '', 1),
('DO-0000023', 'S-0000001', '14640.85', 'B-0000001', 'U-0000001', '2022-11-02', '23:31:08', '', 1),
('DO-0000024', 'S-0000001', '20915.50', 'B-0000001', 'U-0000001', '2022-11-02', '23:35:35', '', 1),
('DO-0000025', 'S-0000001', '9150.99', 'B-0000004', 'U-0000001', '2022-11-02', '23:40:00', '', 1),
('DO-0000026', 'S-0000001', '16732.40', 'B-0000005', 'U-0000005', '2022-11-07', '14:36:28', '', 1),
('DO-0000027', 'S-0000001', '7202.01', 'B-0000004', 'U-0000010', '2022-11-07', '14:47:39', '', 1),
('DO-0000028', 'S-0000001', '4801.34', 'B-0000004', 'U-0000010', '2022-11-07', '14:49:23', '', 1),
('DO-0000029', 'S-0000001', '20915.50', 'B-0000005', 'U-0000001', '2022-11-07', '19:58:00', '', 1);

-- --------------------------------------------------------

--
-- Table structure for table `tbldeliveryorderitem`
--

CREATE TABLE `tbldeliveryorderitem` (
  `id` varchar(20) NOT NULL,
  `doid` varchar(20) NOT NULL,
  `poiid` varchar(20) NOT NULL,
  `poid` varchar(20) NOT NULL,
  `branchid` varchar(20) NOT NULL,
  `productid` varchar(20) NOT NULL,
  `price` decimal(20,2) DEFAULT NULL,
  `quantity` int(11) NOT NULL,
  `total` decimal(20,2) DEFAULT NULL,
  `paid` tinyint(1) NOT NULL,
  `paymentid` varchar(20) NOT NULL,
  `active` tinyint(1) NOT NULL
) ENGINE=InnoDB DEFAULT CHARSET=utf8mb4;

--
-- Dumping data for table `tbldeliveryorderitem`
--

INSERT INTO `tbldeliveryorderitem` (`id`, `doid`, `poiid`, `poid`, `branchid`, `productid`, `price`, `quantity`, `total`, `paid`, `paymentid`, `active`) VALUES
('DI-0000001', 'DO-0000001', '', 'PO-0000002', 'B-0000004', 'P-0000054', '20000.00', 2, '40000.00', 0, '', 0),
('DI-0000002', 'DO-0000002', '', 'PO-0000005', 'B-0000001', 'P-0000083', '2059.00', 1, '205900.00', 1, '', 0),
('DI-0000003', 'DO-0000003', '', 'PO-0000005', 'B-0000001', 'P-0000082', '247900.00', 1, '24790000.00', 0, '', 1),
('DI-0000004', 'DO-0000005', 'PI-0000006', 'PO-0000005', 'B-0000001', 'P-0000081', '164970.00', 1, '16497000.00', 0, '', 0),
('DI-0000005', 'DO-0000006', 'PI-0000009', 'PO-0000007', 'B-0000001', 'P-0000100', '19000.00', 1, '1900000.00', 0, '', 0),
('DI-0000006', 'DO-0000007', 'PI-0000015', 'PO-0000012', 'B-0000001', 'P-0000081', '164970.00', 1, '164970.00', 0, '', 0),
('DI-0000007', 'DO-0000008', 'PI-0000016', 'PO-0000013', 'B-0000001', 'P-0000089', '3500.00', 1, '3500.00', 0, '', 0),
('DI-0000008', 'DO-0000009', 'PI-0000017', 'PO-0000014', 'B-0000001', 'P-0000062', '15896.00', 1, '15896.00', 0, '', 0),
('DI-0000009', 'DO-0000010', 'PI-0000018', 'PO-0000015', 'B-0000001', 'P-0000100', '19000.00', 2, '38000.00', 0, '', 0),
('DI-0000010', 'DO-0000011', 'PI-0000018', 'PO-0000015', 'B-0000001', 'P-0000100', '18999.89', 1, '18999.89', 0, '', 0),
('DI-0000011', 'DO-0000012', 'PI-0000019', 'PO-0000016', 'B-0000001', 'P-0000059', '58000.88', 1, '58000.88', 1, 'PY-0000005', 1),
('DI-0000012', 'DO-0000013', 'PI-0000013', 'PO-0000011', 'B-0000001', 'P-0000099', '4869.31', 2, '9738.62', 1, 'PY-0000006', 1),
('DI-0000013', 'DO-0000014', 'PI-0000014', 'PO-0000011', 'B-0000001', 'P-0000097', '3200.23', 2, '6400.46', 1, 'PY-0000007', 1),
('DI-0000014', 'DO-0000015', 'PI-0000022', 'PO-0000019', 'B-0000001', 'P-0000100', '18999.89', 2, '37999.78', 1, 'PY-0000008', 1),
('DI-0000015', 'DO-0000016', 'PI-0000023', 'PO-0000020', 'B-0000001', 'P-0000001', '2091.55', 1, '209155.00', 0, '', 1),
('DI-0000016', 'DO-0000017', 'PI-0000023', 'PO-0000020', 'B-0000001', 'P-0000001', '2091.55', 2, '418310.00', 0, '', 1),
('DI-0000017', 'DO-0000018', 'PI-0000024', 'PO-0000021', 'B-0000001', 'P-0000001', '2091.55', 3, '627465.00', 0, '', 1),
('DI-0000018', 'DO-0000019', 'PI-0000024', 'PO-0000021', 'B-0000001', 'P-0000001', '2091.55', 2, '418310.00', 0, '', 1),
('DI-0000019', 'DO-0000020', 'PI-0000025', 'PO-0000022', 'B-0000001', 'P-0000001', '2091.55', 3, '6274.65', 0, '', 1),
('DI-0000020', 'DO-0000021', 'PI-0000025', 'PO-0000022', 'B-0000001', 'P-0000001', '2091.55', 7, '14640.85', 0, '', 1),
('DI-0000021', 'DO-0000022', 'PI-0000026', 'PO-0000023', 'B-0000001', 'P-0000001', '2091.55', 3, '6274.65', 0, '', 1),
('DI-0000022', 'DO-0000023', 'PI-0000027', 'PO-0000024', 'B-0000001', 'P-0000001', '2091.55', 7, '14640.85', 0, '', 1),
('DI-0000023', 'DO-0000024', 'PI-0000030', 'PO-0000027', 'B-0000001', 'P-0000001', '2091.55', 10, '20915.50', 0, '', 1),
('DI-0000024', 'DO-0000025', 'PI-0000031', 'PO-0000028', 'B-0000004', 'P-0000002', '3050.33', 3, '9150.99', 1, 'PY-0000009', 1),
('DI-0000025', 'DO-0000026', 'PI-0000034', 'PO-0000031', 'B-0000005', 'P-0000001', '2091.55', 8, '16732.40', 0, '', 1),
('DI-0000026', 'DO-0000027', 'PI-0000035', 'PO-0000032', 'B-0000004', 'P-0000007', '2400.67', 3, '7202.01', 0, '', 1),
('DI-0000027', 'DO-0000028', 'PI-0000035', 'PO-0000032', 'B-0000004', 'P-0000007', '2400.67', 2, '4801.34', 0, '', 1),
('DI-0000028', 'DO-0000029', 'PI-0000036', 'PO-0000033', 'B-0000005', 'P-0000001', '2091.55', 10, '20915.50', 0, '', 1);

-- --------------------------------------------------------

--
-- Table structure for table `tblinventory`
--

CREATE TABLE `tblinventory` (
  `id` varchar(12) NOT NULL,
  `productid` varchar(12) NOT NULL,
  `supplierid` varchar(20) NOT NULL,
  `branchid` varchar(12) NOT NULL,
  `quantity` int(29) NOT NULL
) ENGINE=InnoDB DEFAULT CHARSET=utf8mb4;

--
-- Dumping data for table `tblinventory`
--

INSERT INTO `tblinventory` (`id`, `productid`, `supplierid`, `branchid`, `quantity`) VALUES
('I-0000001', 'P-0000001', 'S-0000001', 'B-0000001', 7),
('I-0000002', 'P-0000002', 'S-0000001', 'B-0000001', 0),
('I-0000003', 'P-0000003', 'S-0000001', 'B-0000001', 0),
('I-0000004', 'P-0000004', 'S-0000001', 'B-0000002', 51),
('I-0000005', 'P-0000025', 'S-0000002', 'B-0000003', 0),
('I-0000006', 'P-0000029', 'S-0000002', 'B-0000003', 0),
('I-0000007', 'P-0000030', 'S-0000002', 'B-0000004', 23),
('I-0000008', 'P-0000043', 'S-0000002', 'B-0000004', 64),
('I-0000009', 'P-0000044', 'S-0000002', 'B-0000004', 0),
('I-0000010', 'P-0000049', 'S-0000002', 'B-0000004', 87),
('I-0000011', 'P-0000056', 'S-0000003', 'B-0000001', 0),
('I-0000012', 'P-0000060', 'S-0000003', 'B-0000002', 34),
('I-0000013', 'P-0000064', 'S-0000003', 'B-0000003', -1),
('I-0000014', 'P-0000068', 'S-0000003', 'B-0000004', 47),
('I-0000015', 'P-0000073', 'S-0000003', 'B-0000004', 0),
('I-0000016', 'P-0000081', 'S-0000004', 'B-0000001', 0),
('I-0000017', 'P-0000085', 'S-0000004', 'B-0000003', 0),
('I-0000018', 'P-0000089', 'S-0000004', 'B-0000003', -11),
('I-0000019', 'P-0000092', 'S-0000004', 'B-0000004', 0),
('I-0000020', 'P-0000098', 'S-0000005', 'B-0000002', 70),
('I-0000021', 'P-0000005', 'S-0000001', 'B-0000001', 0),
('I-0000022', 'P-0000006', 'S-0000001', 'B-0000003', -1),
('I-0000023', 'P-0000007', 'S-0000001', 'B-0000001', 0),
('I-0000024', 'P-0000008', 'S-0000001', 'B-0000002', 34),
('I-0000025', 'P-0000009', 'S-0000001', 'B-0000004', 18),
('I-0000026', 'P-0000010', 'S-0000001', 'B-0000002', 48),
('I-0000027', 'P-0000011', 'S-0000001', 'B-0000001', 2),
('I-0000028', 'P-0000012', 'S-0000001', 'B-0000002', 71),
('I-0000029', 'P-0000013', 'S-0000001', 'B-0000003', -1),
('I-0000030', 'P-0000014', 'S-0000001', 'B-0000003', -1),
('I-0000031', 'P-0000015', 'S-0000001', 'B-0000003', -1),
('I-0000032', 'P-0000016', 'S-0000001', 'B-0000004', 55),
('I-0000033', 'P-0000017', 'S-0000001', 'B-0000001', 1),
('I-0000034', 'P-0000018', 'S-0000001', 'B-0000002', 88),
('I-0000035', 'P-0000019', 'S-0000001', 'B-0000004', 25),
('I-0000036', 'P-0000020', 'S-0000001', 'B-0000003', -1),
('I-0000037', 'P-0000021', 'S-0000002', 'B-0000003', 99),
('I-0000038', 'P-0000022', 'S-0000002', 'B-0000002', 62),
('I-0000039', 'P-0000023', 'S-0000002', 'B-0000001', 11),
('I-0000040', 'P-0000024', 'S-0000002', 'B-0000002', 47),
('I-0000041', 'P-0000026', 'S-0000002', 'B-0000004', 92),
('I-0000042', 'P-0000027', 'S-0000002', 'B-0000002', 50),
('I-0000043', 'P-0000028', 'S-0000002', 'B-0000003', -1),
('I-0000044', 'P-0000031', 'S-0000002', 'B-0000003', -1),
('I-0000045', 'P-0000032', 'S-0000002', 'B-0000004', 12),
('I-0000046', 'P-0000033', 'S-0000002', 'B-0000001', 80),
('I-0000047', 'P-0000034', 'S-0000002', 'B-0000002', 25),
('I-0000048', 'P-0000035', 'S-0000002', 'B-0000003', 36),
('I-0000049', 'P-0000036', 'S-0000002', 'B-0000001', 40),
('I-0000050', 'P-0000037', 'S-0000002', 'B-0000002', 86),
('I-0000051', 'P-0000038', 'S-0000002', 'B-0000004', 612),
('I-0000052', 'P-0000039', 'S-0000002', 'B-0000001', 120),
('I-0000053', 'P-0000040', 'S-0000002', 'B-0000002', 4),
('I-0000054', 'P-0000041', 'S-0000002', 'B-0000003', 25),
('I-0000055', 'P-0000042', 'S-0000002', 'B-0000003', 297),
('I-0000056', 'P-0000045', 'S-0000002', 'B-0000004', 42),
('I-0000057', 'P-0000046', 'S-0000002', 'B-0000001', 23),
('I-0000058', 'P-0000047', 'S-0000002', 'B-0000002', 81),
('I-0000059', 'P-0000048', 'S-0000002', 'B-0000003', 821),
('I-0000060', 'P-0000050', 'S-0000002', 'B-0000004', 100),
('I-0000061', 'P-0000051', 'S-0000003', 'B-0000003', 95),
('I-0000062', 'P-0000052', 'S-0000003', 'B-0000001', 68),
('I-0000063', 'P-0000053', 'S-0000003', 'B-0000004', 354),
('I-0000064', 'P-0000054', 'S-0000003', 'B-0000001', 71),
('I-0000065', 'P-0000055', 'S-0000003', 'B-0000002', 84),
('I-0000066', 'P-0000057', 'S-0000003', 'B-0000004', 38),
('I-0000067', 'P-0000058', 'S-0000003', 'B-0000004', 44),
('I-0000068', 'P-0000059', 'S-0000003', 'B-0000003', 479),
('I-0000069', 'P-0000061', 'S-0000003', 'B-0000001', 711),
('I-0000070', 'P-0000062', 'S-0000003', 'B-0000002', 943),
('I-0000071', 'P-0000063', 'S-0000003', 'B-0000003', 65),
('I-0000072', 'P-0000065', 'S-0000003', 'B-0000003', 37),
('I-0000073', 'P-0000066', 'S-0000003', 'B-0000004', 66),
('I-0000074', 'P-0000067', 'S-0000003', 'B-0000001', 20),
('I-0000075', 'P-0000069', 'S-0000003', 'B-0000002', 82),
('I-0000076', 'P-0000070', 'S-0000003', 'B-0000001', 749),
('I-0000077', 'P-0000071', 'S-0000003', 'B-0000004', 95),
('I-0000078', 'P-0000072', 'S-0000003', 'B-0000003', 71),
('I-0000079', 'P-0000074', 'S-0000003', 'B-0000002', 11),
('I-0000080', 'P-0000075', 'S-0000003', 'B-0000002', 33),
('I-0000081', 'P-0000076', 'S-0000003', 'B-0000003', 68),
('I-0000082', 'P-0000077', 'S-0000003', 'B-0000004', 54),
('I-0000083', 'P-0000078', 'S-0000003', 'B-0000002', 82),
('I-0000084', 'P-0000079', 'S-0000003', 'B-0000001', 46),
('I-0000085', 'P-0000080', 'S-0000003', 'B-0000003', 151),
('I-0000086', 'P-0000082', 'S-0000004', 'B-0000001', 0),
('I-0000087', 'P-0000083', 'S-0000004', 'B-0000004', 74),
('I-0000088', 'P-0000084', 'S-0000004', 'B-0000002', 21),
('I-0000089', 'P-0000086', 'S-0000004', 'B-0000003', 940),
('I-0000090', 'P-0000087', 'S-0000004', 'B-0000001', 30),
('I-0000091', 'P-0000088', 'S-0000004', 'B-0000003', 62),
('I-0000092', 'P-0000090', 'S-0000004', 'B-0000004', 74),
('I-0000093', 'P-0000091', 'S-0000004', 'B-0000004', 2),
('I-0000094', 'P-0000093', 'S-0000004', 'B-0000002', 555),
('I-0000095', 'P-0000094', 'S-0000004', 'B-0000001', 55),
('I-0000096', 'P-0000095', 'S-0000004', 'B-0000003', 88),
('I-0000097', 'P-0000096', 'S-0000005', 'B-0000003', 547),
('I-0000098', 'P-0000097', 'S-0000005', 'B-0000004', 23),
('I-0000099', 'P-0000099', 'S-0000005', 'B-0000002', 61),
('I-0000100', 'P-0000100', 'S-0000005', 'B-0000001', 0),
('I-0000101', 'P-0000063', 'S-0000003', 'B-0000002', 2),
('I-0000102', 'P-0000082', 'S-0000004', 'B-0000004', 2),
('I-0000103', 'P-0000094', 'S-0000004', 'B-0000004', 10),
('I-0000104', 'P-0000059', 'S-0000003', 'B-0000004', 2),
('I-0000105', 'P-0000054', 'S-0000003', 'B-0000004', 1),
('I-0000106', 'P-0000001', 'S-0000001', 'B-0000002', 10),
('I-0000107', 'P-0000030', 'S-0000002', 'B-0000001', 5),
('I-0000108', 'P-0000023', 'S-0000002', 'B-0000002', 22),
('I-0000109', 'P-0000081', 'S-0000004', 'B-0000002', 1),
('I-0000110', 'P-0000083', 'S-0000004', 'B-0000001', 1),
('I-0000111', 'P-0000089', 'S-0000004', 'B-0000001', 1),
('I-0000112', 'P-0000062', 'S-0000003', 'B-0000001', 1),
('I-0000113', 'P-0000059', 'S-0000003', 'B-0000001', 1),
('I-0000114', 'P-0000099', 'S-0000005', 'B-0000001', 2),
('I-0000115', 'P-0000097', 'S-0000005', 'B-0000001', 2),
('I-0000116', 'P-0000002', 'S-0000001', 'B-0000004', 3),
('I-0000117', 'P-0000001', 'S-0000001', 'B-0000003', 5),
('I-0000118', 'P-0000001', 'S-0000001', 'B-0000004', 2),
('I-0000119', 'P-0000007', 'S-0000001', 'B-0000004', 5),
('I-0000120', 'P-0000001', 'S-0000001', 'B-0000005', 0),
('I-0000121', 'P-0000011', 'S-0000001', 'B-0000005', 0),
('I-0000122', 'P-0000046', 'S-0000002', 'B-0000005', 50),
('I-0000123', 'P-0000098', 'S-0000005', 'B-0000005', 8);

-- --------------------------------------------------------

--
-- Table structure for table `tblinventoryadjustment`
--

CREATE TABLE `tblinventoryadjustment` (
  `id` varchar(20) NOT NULL,
  `branchid` varchar(20) NOT NULL,
  `date` date NOT NULL DEFAULT current_timestamp(),
  `auditid` varchar(20) NOT NULL
) ENGINE=InnoDB DEFAULT CHARSET=utf8mb4;

--
-- Dumping data for table `tblinventoryadjustment`
--

INSERT INTO `tblinventoryadjustment` (`id`, `branchid`, `date`, `auditid`) VALUES
('IA-0000001', 'B-0000002', '2022-10-05', 'A-0000001'),
('IA-0000002', 'B-0000002', '2022-10-05', 'A-0000001'),
('IA-0000003', 'B-0000004', '2022-10-18', 'U-0000010'),
('IA-0000004', 'B-0000003', '2022-11-07', 'U-0000005'),
('IA-0000005', 'B-0000003', '2022-11-07', 'U-0000005');

-- --------------------------------------------------------

--
-- Table structure for table `tblinventoryadjustmentitem`
--

CREATE TABLE `tblinventoryadjustmentitem` (
  `id` varchar(20) NOT NULL,
  `invadjid` varchar(20) NOT NULL,
  `inventoryid` varchar(20) NOT NULL,
  `productid` varchar(20) NOT NULL,
  `quantity` int(11) NOT NULL
) ENGINE=InnoDB DEFAULT CHARSET=utf8mb4;

--
-- Dumping data for table `tblinventoryadjustmentitem`
--

INSERT INTO `tblinventoryadjustmentitem` (`id`, `invadjid`, `inventoryid`, `productid`, `quantity`) VALUES
('II-0000001', 'IA-0000001', 'I-0000004', 'P-0000004', -3),
('II-0000002', 'IA-0000002', 'I-0000004', 'P-0000004', 3),
('II-0000003', 'IA-0000003', 'I-0000007', 'P-0000030', -5),
('II-0000004', 'IA-0000004', 'I-0000027', 'P-0000011', -2),
('II-0000005', 'IA-0000005', 'I-0000027', 'P-0000011', 2);

-- --------------------------------------------------------

--
-- Table structure for table `tblpayableitem`
--

CREATE TABLE `tblpayableitem` (
  `id` varchar(20) NOT NULL,
  `payableid` varchar(20) NOT NULL,
  `doiid` varchar(20) NOT NULL,
  `doid` varchar(20) NOT NULL,
  `supplierid` varchar(20) NOT NULL,
  `branchid` varchar(20) NOT NULL,
  `productid` varchar(20) NOT NULL,
  `price` double NOT NULL,
  `quantity` int(20) NOT NULL,
  `total` double NOT NULL,
  `active` tinyint(1) NOT NULL
) ENGINE=InnoDB DEFAULT CHARSET=utf8mb4;

--
-- Dumping data for table `tblpayableitem`
--

INSERT INTO `tblpayableitem` (`id`, `payableid`, `doiid`, `doid`, `supplierid`, `branchid`, `productid`, `price`, `quantity`, `total`, `active`) VALUES
('PA-0000001', '', '', 'DO-0000002', 'S-0000003', 'B-0000002', 'P-0000063', 7350, 3, 14700, 0),
('PA-0000002', '', '', 'DO-0000015', 'S-0000004', 'B-0000004', 'P-0000082', 247900, 2, 495800, 0),
('PA-0000003', '', '', 'DO-0000015', 'S-0000004', 'B-0000004', 'P-0000094', 495, 10, 4950, 0),
('PA-0000004', 'PY-0000003', '', 'DO-0000002', 'S-0000004', 'B-0000001', 'P-0000083', 2059, 1, 205900, 0),
('PA-0000005', 'PY-0000004', 'DI-0000003', 'DO-0000003', 'S-0000004', 'B-0000001', 'P-0000082', 247900, 1, 24790000, 0),
('PA-0000006', 'PY-0000005', 'DI-0000011', 'DO-0000012', 'S-0000003', 'B-0000001', 'P-0000059', 5800088, 1, 5800088, 0),
('PA-0000007', 'PY-0000006', 'DI-0000012', 'DO-0000013', 'S-0000005', 'B-0000001', 'P-0000099', 486931, 2, 973862, 0),
('PA-0000008', 'PY-0000007', 'DI-0000013', 'DO-0000014', 'S-0000005', 'B-0000001', 'P-0000097', 320023, 2, 640046, 0),
('PA-0000009', 'PY-0000008', 'DI-0000014', 'DO-0000015', 'S-0000005', 'B-0000001', 'P-0000100', 18999.89, 2, 37999.78, 0),
('PA-0000010', 'PY-0000009', 'DI-0000024', 'DO-0000025', 'S-0000001', 'B-0000004', 'P-0000002', 3050.33, 3, 9150.99, 0);

-- --------------------------------------------------------

--
-- Table structure for table `tblpayables`
--

CREATE TABLE `tblpayables` (
  `id` varchar(20) NOT NULL,
  `supplierid` varchar(20) NOT NULL,
  `total` double NOT NULL,
  `userid` varchar(20) NOT NULL,
  `payabledate` date NOT NULL DEFAULT current_timestamp(),
  `active` tinyint(1) NOT NULL
) ENGINE=InnoDB DEFAULT CHARSET=utf8mb4;

--
-- Dumping data for table `tblpayables`
--

INSERT INTO `tblpayables` (`id`, `supplierid`, `total`, `userid`, `payabledate`, `active`) VALUES
('PY-0000001', '', 14700, 'U-0000001', '2022-10-01', 1),
('PY-0000002', '', 500750, 'U-0000001', '2022-10-12', 1),
('PY-0000003', '', 205900, 'U-0000008', '2022-10-26', 1),
('PY-0000004', '', 24790000, 'U-0000008', '2022-10-26', 0),
('PY-0000005', 'S-0000003', 5800088, 'U-0000001', '2022-10-10', 1),
('PY-0000006', 'S-0000005', 973862, 'U-0000001', '2022-10-15', 1),
('PY-0000007', 'S-0000005', 640046, 'U-0000001', '2022-10-24', 1),
('PY-0000008', 'S-0000005', 3799978, 'U-0000001', '2022-11-02', 1),
('PY-0000009', 'S-0000001', 915099, 'U-0000005', '2022-11-07', 1);

-- --------------------------------------------------------

--
-- Table structure for table `tblproducts`
--

CREATE TABLE `tblproducts` (
  `id` varchar(20) NOT NULL,
  `name` varchar(69) NOT NULL,
  `supplier` varchar(29) NOT NULL,
  `category` varchar(15) NOT NULL,
  `price` decimal(20,2) DEFAULT NULL,
  `markupPrice` decimal(20,2) DEFAULT NULL,
  `active` tinyint(1) NOT NULL
) ENGINE=InnoDB DEFAULT CHARSET=utf8mb4;

--
-- Dumping data for table `tblproducts`
--

INSERT INTO `tblproducts` (`id`, `name`, `supplier`, `category`, `price`, `markupPrice`, `active`) VALUES
('P-0000001', 'Tecware Flatline Black TG mATX', 'S-0000001', 'C-0000001', '2091.55', '2299.42', 1),
('P-0000002', 'Tecware Forge M Omni Matx Case Black White', 'S-0000001', 'C-0000001', '3050.33', '3355.51', 1),
('P-0000003', 'Tecware Forge M2 Omni mATX Case Black ', 'S-0000001', 'C-0000001', '2290.67', '2519.23', 1),
('P-0000004', 'Tecware Forge S Omni Black ATX TG 4*120mm', 'S-0000001', 'C-0000001', '2990.53', '3289.99', 1),
('P-0000005', 'Tecware Forge L High-Airflow E-ATX', 'S-0000001', 'C-0000001', '4600.23', '5060.77', 1),
('P-0000006', 'Tecware Phantom 87 Key RGB Mechanical Keyboard Red/Blue/Brown Switch', 'S-0000001', 'C-0000005', '2280.54', '2508.55', 1),
('P-0000007', 'Tecware Spectre Pro, RGB Mechanical Keyboard, RGB LED (Outemu Brown)', 'S-0000001', 'C-0000005', '2400.67', '2640.88', 1),
('P-0000008', 'Tecware B68 Wireless RGB 68-Key / 65% layout PBT Keycaps Mechanical G', 'S-0000001', 'C-0000005', '2895.23', '3185.44', 2),
('P-0000009', 'Tecware B68+ RGB Backlit Wireless Mechanical Keyboard, 3 Mode, 68-Key', 'S-0000001', 'C-0000005', '3000.43', '3300.23', 2),
('P-0000010', 'Tecware Veil 80 TKL Black 3 mode BT Wireless 75% Layout Mech Keyboard', 'S-0000001', 'C-0000005', '5110.78', '5621.29', 1),
('P-0000011', 'Tecware Pulse Elite Wireless Gaming Mouse', 'S-0000001', 'C-0000005', '1750.55', '1925.45', 1),
('P-0000012', 'Tecware EXO Wireless RGB Gaming Mouse ', 'S-0000001', 'C-0000005', '1750.88', '1925.11', 2),
('P-0000013', 'Tecware Torque Pro RGB Gaming Mouse', 'S-0000001', 'C-0000005', '1450.23', '1595.66', 1),
('P-0000014', 'Tecware IMPULSE PRO RGB Gaming Mouse', 'S-0000001', 'C-0000005', '1300.77', '1430.99', 1),
('P-0000015', 'Tecware Q2 Gaming Headset', 'S-0000001', 'C-0000007', '940.23', '1000.56', 1),
('P-0000016', 'Tecware Q5 HD 7.1 Surround + Wide Band Mic RGB Premium Gaming Headset', 'S-0000001', 'C-0000007', '1800.56', '1980.77', 2),
('P-0000017', 'Tecware Haste XL RGB Mousepad', 'S-0000001', 'C-0000005', '1100.99', '1210.56', 1),
('P-0000018', 'Tecware Keyboard Wrist Pad Full 445x100x25mm', 'S-0000001', 'C-0000005', '499.72', '549.79', 1),
('P-0000019', 'Tecware Alpha M mATX TG Chassis White ', 'S-0000001', 'C-0000001', '2680.45', '2948.00', 1),
('P-0000020', 'Tecware Vega M Tempered Chassis', 'S-0000001', 'C-0000001', '1669.67', '1836.44', 1),
('P-0000023', 'ASUS Maximus VI Hero', 'S-0000002', 'C-0000009', '7988.11', '8787.22', 2),
('P-0000024', 'ASUS Prime H610M-E D4 Intel LGA 1700', 'S-0000002', 'C-0000009', '5560.88', '6116.64', 2),
('P-0000025', 'Asus Prime Z690-A ATX LGA 1700 Motherboard', 'S-0000002', 'C-0000009', '15450.66', '16995.32', 2),
('P-0000026', 'ASUS EX-B460M-V5 Intel B460 LGA 1200 mATX Motherboard', 'S-0000002', 'C-0000009', '5150.77', '5665.77', 2),
('P-0000027', 'ASUS ZenBook 14 Ultra-Slim Laptop 14” FHD Display', 'S-0000002', 'C-0000003', '53183.88', '58501.99', 1),
('P-0000028', 'ASUS VivoBook Pro 15 OLED Ultra Slim Laptop, 15.6” FHD OLED Display', 'S-0000002', 'C-0000003', '49499.00', '54449.00', 1),
('P-0000029', 'ASUS TUF Gaming F17 Gaming Laptop, 17.3” 144Hz Full HD IPS-Type', 'S-0000002', 'C-0000003', '59900.00', '65890.00', 1),
('P-0000030', 'ASUS ROG Strix G15 Advantage Edition Gaming Laptop, 15.6\" 300Hz FHD D', 'S-0000002', 'C-0000003', '109900.00', '120890.00', 2),
('P-0000031', 'ASUS ROG G531GT-BI7N6 15.6\" FHD Gaming Laptop Computer', 'S-0000002', 'C-0000003', '86000.55', '94600.77', 2),
('P-0000032', 'ROG Strix XG16AHP Portable 144Hz Gaming Monitor ', 'S-0000002', 'C-0000010', '36000.88', '39600.99', 1),
('P-0000033', 'ASUS BE24EQK Business Monitor – 23.8 inch, Full HD, IPS, Frameless', 'S-0000002', 'C-0000010', '22354.11', '24589.22', 1),
('P-0000034', 'TUF Gaming VG259QR Gaming Monitor – 24.5 inch Full HD (1920 x 1080), ', 'S-0000002', 'C-0000010', '15495.45', '17045.99', 2),
('P-0000035', 'ASUS ROG SWIFT 360Hz PG259QNR eSports NVIDIA® G-SYNC', 'S-0000002', 'C-0000010', '42320.23', '46552.44', 2),
('P-0000036', 'ASUS Dual Radeon™ RX 6600 8GB GDDR6', 'S-0000002', 'C-0000002', '24995.65', '27495.73', 1),
('P-0000037', 'ASUS Dual Radeon™ RX 6700 XT 12GB GDDR6', 'S-0000002', 'C-0000002', '48999.45', '53899.26', 2),
('P-0000038', 'ASUS TUF GAMING Radeon™ RX 6800 XT', 'S-0000002', 'C-0000002', '88799.78', '97679.91', 1),
('P-0000039', 'ROG Strix GeForce RTX™ 3050 OC Edition 8GB GDDR6', 'S-0000002', 'C-0000002', '25000.23', '27500.24', 1),
('P-0000040', 'ROG Strix GeForce RTX™ 3080 OC Edition 12GB', 'S-0000002', 'C-0000002', '59060.56', '64966.72', 1),
('P-0000041', 'Intel® Core™ i7-12650HX Processor (24M Cache, up to 4.70 GHz)', 'S-0000002', 'C-0000004', '19000.23', '20900.41', 1),
('P-0000042', 'Intel® Core™ i5-12500H Processor (18M Cache, up to 4.50 GHz)', 'S-0000002', 'C-0000004', '13000.89', '14300.87', 1),
('P-0000043', 'Intel® Core™ i3-12100 Processor (12M Cache, up to 4.30 GHz)', 'S-0000002', 'C-0000004', '6290.45', '6919.25', 2),
('P-0000044', 'AMD Ryzen™ 5 3600', 'S-0000002', 'C-0000004', '10500.57', '11550.98', 1),
('P-0000045', 'AMD Ryzen™ 7 5700G', 'S-0000002', 'C-0000004', '15700.99', '17270.45', 1),
('P-0000046', 'ASUS TUF Gaming K7 Optical-Mech Keyboard with IP56', 'S-0000002', 'C-0000005', '7685.67', '8453.44', 2),
('P-0000047', 'ROG Strix Scope RX EVA Edition\r\n', 'S-0000002', 'C-0000005', '5405.33', '5946.11', 2),
('P-0000048', 'ROG PBT Doubleshot Keycap Set for ROG RX Switches', 'S-0000002', 'C-0000005', '2069.55', '3000.77', 1),
('P-0000049', 'ROG Scabbard II EVA Edition', 'S-0000002', 'C-0000005', '995.88', '1095.99', 1),
('P-0000050', 'ROG Sheath GUNDAM EDITION', 'S-0000002', 'C-0000005', '1300.34', '1430.45', 1),
('P-0000051', 'AORUS GeForce RTX™ 3090 Ti XTREME WATERFORCE 24G', 'S-0000003', 'C-0000002', '220000.78', '242000.99', 1),
('P-0000052', 'AORUS GeForce RTX™ 3080 XTREME WATERFORCE 10G (rev. 2.0)', 'S-0000003', 'C-0000002', '31000.67', '34100.77', 1),
('P-0000053', 'AORUS GeForce RTX™ 3070 MASTER 8G (rev. 2.0)', 'S-0000003', 'C-0000002', '23000.99', '25300.55', 2),
('P-0000054', 'AORUS GeForce RTX™ 3060 Ti MASTER 8G', 'S-0000003', 'C-0000002', '20000.88', '22000.77', 2),
('P-0000055', 'AORUS GeForce® RTX 2080 SUPER™ WATERFORCE 8G', 'S-0000003', 'C-0000002', '25000.45', '27500.67', 1),
('P-0000056', 'Radeon™ RX 6600 XT EAGLE 8G', 'S-0000003', 'C-0000002', '27000.77', '29700.66', 1),
('P-0000057', 'Radeon™ RX 5600 XT WINDFORCE OC 6G', 'S-0000003', 'C-0000002', '58000.45', '63800.67', 1),
('P-0000058', 'Radeon™ RX 5500 XT D6 8G (rev. 2.0)', 'S-0000003', 'C-0000002', '24000.25', '26400.34', 1),
('P-0000059', 'Z690 AORUS XTREME WATERFORCE (rev. 1.0)', 'S-0000003', 'C-0000009', '58000.88', '63800.99', 1),
('P-0000060', 'Z690 AORUS ELITE AX (rev. 1.x)', 'S-0000003', 'C-0000009', '15000.51', '16500.23', 1),
('P-0000061', 'H610M S2 DDR4 (rev. 1.2)', 'S-0000003', 'C-0000009', '5200.45', '5720.77', 2),
('P-0000062', 'Z690I AORUS ULTRA PLUS DDR4 (rev. 1.0)', 'S-0000003', 'C-0000009', '15895.99', '17485.11', 1),
('P-0000063', 'B660M AORUS ELITE DDR4 (rev. 1.0)', 'S-0000003', 'C-0000009', '7350.56', '8085.76', 2),
('P-0000064', 'Z690 AERO D (rev. 1.x)', 'S-0000003', 'C-0000009', '16500.45', '18150.55', 1),
('P-0000065', 'B550M AORUS PRO AX (rev. 1.1)', 'S-0000003', 'C-0000009', '7800.23', '8580.78', 2),
('P-0000066', 'X570SI AORUS PRO AX (rev. 1.1)', 'S-0000003', 'C-0000009', '13800.91', '15180.82', 1),
('P-0000067', 'X570 AORUS XTREME (rev. 1.2)', 'S-0000003', 'C-0000009', '48500.56', '53350.67', 2),
('P-0000068', 'AORUS C700 GLASS', 'S-0000003', 'C-0000001', '24499.35', '26949.41', 1),
('P-0000069', 'AORUS C500 GLASS', 'S-0000003', 'C-0000001', '7199.67', '7919.29', 2),
('P-0000070', 'AORUS C300 GLASS', 'S-0000003', 'C-0000001', '7380.55', '8118.98', 2),
('P-0000071', 'AC300W (rev. 2.0)', 'S-0000003', 'C-0000001', '7295.21', '8025.55', 1),
('P-0000072', 'AC300W Lite', 'S-0000003', 'C-0000001', '6750.11', '7424.22', 2),
('P-0000073', 'XC700W ATX Full-tower PC Case \r\n', 'S-0000003', 'C-0000001', '16000.33', '17600.45', 2),
('P-0000074', 'GIGABYTE Horus P2', 'S-0000003', 'C-0000001', '18590.67', '20449.87', 1),
('P-0000075', 'AORUS RGB Memory DDR5 32GB (2x16GB) 6000MHz', 'S-0000003', 'C-0000006', '15995.21', '17595.55', 1),
('P-0000076', 'AORUS RGB Memory 16GB (2x8GB) 3600MHz', 'S-0000003', 'C-0000006', '6699.98', '7369.52', 1),
('P-0000077', 'DESIGNARE Memory 64GB (2x32GB) 3200MHz', 'S-0000003', 'C-0000006', '24720.65', '27192.75', 1),
('P-0000078', 'GIGABYTE Memory 8GB (1x8GB) 2666MHz', 'S-0000003', 'C-0000006', '2300.55', '2530.44', 2),
('P-0000079', 'AORUS Model X Gaming Desktop Computer', 'S-0000003', 'C-0000008', '142974.88', '157271.99', 2),
('P-0000080', ' AORUS MODEL S Gaming PC Computer Desktop ', 'S-0000003', 'C-0000008', '126500.21', '139150.54', 1),
('P-0000081', 'MSI Titan GT77 17.3\" UHD 120Hz Gaming Laptop', 'S-0000004', 'C-0000003', '164970.41', '181467.89', 1),
('P-0000082', 'MSI Stealth GS77 17.3\" UHD 4K 120Hz Ultra Thin and Light Gaming Lapto', 'S-0000004', 'C-0000003', '247900.65', '272690.75', 2),
('P-0000083', 'IMMERSE GV60 STREAMING MIC', 'S-0000004', 'C-0000005', '2059.41', '2265.23', 1),
('P-0000084', 'MSI Immerse GH50 Wired Gaming Headset', 'S-0000004', 'C-0000005', '3060.98', '3366.05', 1),
('P-0000085', 'MSI Gaming Vector GP66', 'S-0000004', 'C-0000003', '89670.55', '98637.02', 1),
('P-0000086', ' MSI Raider GE76 12UHS-255 Gaming Laptop', 'S-0000004', 'C-0000003', '135150.53', '148665.05', 2),
('P-0000087', 'MSI Clutch GM11 White Gaming Mouse - 5000 DPI', 'S-0000004', 'C-0000005', '895.21', '985.30', 2),
('P-0000088', 'MSI DS502 Gaming Headset, Enhanced Virtual 7.1 Surround Sound', 'S-0000004', 'C-0000007', '4350.76', '4785.89', 1),
('P-0000089', 'PERIPHERIQUE Gaming MSI IMMERSE GH10', 'S-0000004', 'C-0000007', '3499.51', '3849.54', 1),
('P-0000090', 'MSI SPATIUM M480 PCIe 4.0 NVMe M.2 2TB Internal SSD', 'S-0000004', 'C-0000006', '9550.51', '10505.67', 1),
('P-0000091', 'MSI SPATIUM M450 PCIe 4.0 NVMe M.2 1TB Internal Gaming SSD ', 'S-0000004', 'C-0000006', '3599.78', '3959.98', 1),
('P-0000092', 'MSI SPATIUM M370 NVMe M.2 1TB Internal SSD', 'S-0000004', 'C-0000006', '8744.52', '9618.55', 1),
('P-0000093', 'MSI Full HD 1920 x 1080 360Hz LED Backlit Gaming Monitor', 'S-0000004', 'C-0000010', '23645.67', '26010.89', 2),
('P-0000094', 'MSI Agility GD20 Premium Gaming Mouse Pad', 'S-0000004', 'C-0000005', '495.54', '545.77', 1),
('P-0000095', 'MSI MAG Z690 Tomahawk WiFi DDR4 Gaming Motherboard', 'S-0000004', 'C-0000009', '15799.44', '17379.23', 1),
('P-0000096', 'MSI MPG Z690 Carbon WiFi Gaming Motherboard ', 'S-0000004', 'C-0000009', '19200.61', '21120.91', 1),
('P-0000097', 'GALAX Gaming Headset (SNR-01)', 'S-0000005', 'C-0000007', '3200.23', '3520.05', 2),
('P-0000098', 'GALAX GeForce® GTX 1660 Super X Edition (1-Click OC)', 'S-0000005', 'C-0000002', '23999.07', '26398.78', 2),
('P-0000099', 'GALAX GeForce® GT 1030 DDR4 GALAX GeForce® GT 1030 DDR4', 'S-0000005', 'C-0000002', '4869.31', '5356.32', 1),
('P-0000100', 'GALAX VI-01 Gaming Monitor Borderless 27 Inch / IPS / LED / HDR', 'S-0000005', 'C-0000010', '18999.89', '20898.77', 1),
('P-0000101', 'Xlite V2 Mini', 'S-0000001', 'C-0000005', '2200.59', '3400.67', 0);

-- --------------------------------------------------------

--
-- Table structure for table `tblpurchaseorder`
--

CREATE TABLE `tblpurchaseorder` (
  `id` varchar(20) NOT NULL,
  `branchid` varchar(20) NOT NULL,
  `supplierid` varchar(20) NOT NULL,
  `total` decimal(20,2) DEFAULT NULL,
  `userid` varchar(20) NOT NULL,
  `date` date NOT NULL DEFAULT current_timestamp(),
  `active` tinyint(1) NOT NULL
) ENGINE=InnoDB DEFAULT CHARSET=utf8mb4;

--
-- Dumping data for table `tblpurchaseorder`
--

INSERT INTO `tblpurchaseorder` (`id`, `branchid`, `supplierid`, `total`, `userid`, `date`, `active`) VALUES
('PO-0000001', 'B-0000004', 'S-0000003', '174000.00', 'U-0000001', '2022-10-03', 0),
('PO-0000002', 'B-0000004', 'S-0000003', '60000.00', 'U-0000001', '2022-10-03', 0),
('PO-0000003', 'B-0000003', 'S-0000003', '3100000.00', 'U-0000005', '2022-10-25', 0),
('PO-0000004', 'B-0000003', 'S-0000005', '1600000.00', 'U-0000005', '2022-10-25', 0),
('PO-0000005', 'B-0000001', 'S-0000004', '41492900.00', 'U-0000008', '2022-10-26', 0),
('PO-0000006', 'B-0000001', 'S-0000005', '2540035.00', 'U-0000001', '2022-10-27', 0),
('PO-0000007', 'B-0000001', 'S-0000005', '1899989.00', 'U-0000001', '2022-10-27', 0),
('PO-0000008', 'B-0000001', 'S-0000005', '1460793.00', 'U-0000001', '2022-10-27', 0),
('PO-0000009', 'B-0000001', 'S-0000004', '1486.62', 'U-0000001', '2022-10-27', 2),
('PO-0000010', 'B-0000001', 'S-0000003', '220000.78', 'U-0000001', '2022-10-27', 1),
('PO-0000011', 'B-0000001', 'S-0000005', '16139.08', 'U-0000001', '2022-10-27', 1),
('PO-0000012', 'B-0000001', 'S-0000004', '164970.41', 'U-0000001', '2022-10-27', 1),
('PO-0000013', 'B-0000001', 'S-0000004', '3499.51', 'U-0000001', '2022-10-27', 1),
('PO-0000014', 'B-0000001', 'S-0000003', '15895.99', 'U-0000001', '2022-10-27', 1),
('PO-0000015', 'B-0000001', 'S-0000005', '56999.67', 'U-0000001', '2022-10-27', 1),
('PO-0000016', 'B-0000001', 'S-0000003', '58000.88', 'U-0000001', '2022-11-02', 1),
('PO-0000017', 'B-0000001', 'S-0000005', '37999.78', 'U-0000001', '2022-11-02', 1),
('PO-0000018', 'B-0000001', 'S-0000005', '9738.62', 'U-0000001', '2022-11-02', 1),
('PO-0000019', 'B-0000001', 'S-0000005', '37999.78', 'U-0000001', '2022-11-02', 1),
('PO-0000020', 'B-0000001', 'S-0000001', '6274.65', 'U-0000001', '2022-11-02', 1),
('PO-0000021', 'B-0000001', 'S-0000001', '10457.75', 'U-0000001', '2022-11-02', 1),
('PO-0000022', 'B-0000001', 'S-0000001', '20915.50', 'U-0000001', '2022-11-02', 1),
('PO-0000023', 'B-0000001', 'S-0000001', '6274.65', 'U-0000001', '2022-11-02', 1),
('PO-0000024', 'B-0000001', 'S-0000001', '14640.85', 'U-0000001', '2022-11-02', 1),
('PO-0000025', 'B-0000001', 'S-0000001', '20915.50', 'U-0000001', '2022-11-02', 1),
('PO-0000026', 'B-0000001', 'S-0000001', '20915.50', 'U-0000001', '2022-11-02', 1),
('PO-0000027', 'B-0000004', 'S-0000001', '20915.50', 'U-0000001', '2022-11-02', 1),
('PO-0000028', 'B-0000004', 'S-0000001', '9150.99', 'U-0000001', '2022-11-02', 1),
('PO-0000029', 'B-0000001', 'S-0000001', '2290.67', 'U-0000001', '2022-11-02', 1),
('PO-0000030', 'B-0000005', 'S-0000001', '20915.50', 'U-0000005', '2022-11-07', 2),
('PO-0000031', 'B-0000005', 'S-0000001', '20915.50', 'U-0000005', '2022-11-07', 1),
('PO-0000032', 'B-0000004', 'S-0000001', '12003.35', 'U-0000010', '2022-11-07', 1),
('PO-0000033', 'B-0000005', 'S-0000001', '20915.50', 'U-0000001', '2022-11-07', 1);

-- --------------------------------------------------------

--
-- Table structure for table `tblpurchaseorderitem`
--

CREATE TABLE `tblpurchaseorderitem` (
  `id` varchar(20) NOT NULL,
  `poid` varchar(20) NOT NULL,
  `productid` varchar(20) NOT NULL,
  `branchid` varchar(20) NOT NULL,
  `price` double NOT NULL,
  `quantity` int(11) NOT NULL,
  `poquantity` int(10) NOT NULL,
  `total` double NOT NULL,
  `pototal` decimal(20,2) NOT NULL,
  `active` tinyint(1) NOT NULL
) ENGINE=InnoDB DEFAULT CHARSET=utf8mb4;

--
-- Dumping data for table `tblpurchaseorderitem`
--

INSERT INTO `tblpurchaseorderitem` (`id`, `poid`, `productid`, `branchid`, `price`, `quantity`, `poquantity`, `total`, `pototal`, `active`) VALUES
('PI-0000001', 'PO-0000002', 'P-0000054', 'B-0000001', 5.55, 1, 0, 20000, '0.00', 1),
('PI-0000002', 'PO-0000003', 'P-0000052', 'B-0000003', 3100000, 1, 1, 3100000, '0.00', 1),
('PI-0000003', 'PO-0000004', 'P-0000097', 'B-0000003', 3200, 5, 5, 16000, '0.00', 1),
('PI-0000004', 'PO-0000005', 'P-0000083', 'B-0000001', 2059, 0, 1, -203841, '0.00', 1),
('PI-0000005', 'PO-0000005', 'P-0000082', 'B-0000001', 247900, 0, 1, -24542100, '0.00', 0),
('PI-0000006', 'PO-0000005', 'P-0000081', 'B-0000001', 164970, 0, 1, -16332030, '0.00', 1),
('PI-0000007', 'PO-0000006', 'P-0000100', 'B-0000001', 18999.89, 1, 1, 18999.89, '0.00', 0),
('PI-0000008', 'PO-0000006', 'P-0000097', 'B-0000001', 3200.23, 2, 2, 6400.46, '0.00', 0),
('PI-0000009', 'PO-0000007', 'P-0000100', 'B-0000001', 18999.89, 0, 1, -1881000.11, '0.00', 1),
('PI-0000010', 'PO-0000008', 'P-0000099', 'B-0000001', 4869.31, 3, 3, 14607.93, '0.00', 0),
('PI-0000011', 'PO-0000009', 'P-0000094', 'B-0000001', 495.54, 3, 3, 1486.62, '0.00', 2),
('PI-0000012', 'PO-0000010', 'P-0000051', 'B-0000001', 220000.78, 1, 1, 220000.78, '0.00', 1),
('PI-0000013', 'PO-0000011', 'P-0000099', 'B-0000001', 4869.31, 0, 2, 0, '0.00', 1),
('PI-0000014', 'PO-0000011', 'P-0000097', 'B-0000001', 3200.23, 0, 2, 0, '0.00', 1),
('PI-0000015', 'PO-0000012', 'P-0000081', 'B-0000001', 164970.41, 0, 1, -16332029.59, '0.00', 1),
('PI-0000016', 'PO-0000013', 'P-0000089', 'B-0000001', 3499.51, 0, 1, -346500.49, '0.00', 1),
('PI-0000017', 'PO-0000014', 'P-0000062', 'B-0000001', 15895.99, 0, 1, 0, '15895.99', 1),
('PI-0000018', 'PO-0000015', 'P-0000100', 'B-0000001', 0, 4, 3, 18999.89, '56999.67', 1),
('PI-0000019', 'PO-0000016', 'P-0000059', 'B-0000001', 58000.88, 0, 1, 0, '58000.88', 1),
('PI-0000020', 'PO-0000017', 'P-0000100', 'B-0000001', 18999.89, 2, 2, 37999.78, '37999.78', 1),
('PI-0000021', 'PO-0000018', 'P-0000099', 'B-0000001', 4869.31, 2, 2, 9738.62, '9738.62', 1),
('PI-0000022', 'PO-0000019', 'P-0000100', 'B-0000001', 18999.89, 0, 2, 0, '37999.78', 1),
('PI-0000023', 'PO-0000020', 'P-0000001', 'B-0000001', 2091.55, 0, 3, 0, '6274.65', 1),
('PI-0000024', 'PO-0000021', 'P-0000001', 'B-0000001', 2091.55, 0, 5, 0, '10457.75', 1),
('PI-0000025', 'PO-0000022', 'P-0000001', 'B-0000001', 2091.55, 0, 10, 0, '20915.50', 1),
('PI-0000026', 'PO-0000023', 'P-0000001', 'B-0000001', 2091.55, 0, 3, 0, '6274.65', 1),
('PI-0000027', 'PO-0000024', 'P-0000001', 'B-0000001', 2091.55, 0, 7, 0, '14640.85', 1),
('PI-0000028', 'PO-0000025', 'P-0000001', 'B-0000001', 2091.55, 10, 10, 20915.5, '20915.50', 1),
('PI-0000029', 'PO-0000026', 'P-0000001', 'B-0000001', 2091.55, 10, 10, 20915.5, '20915.50', 1),
('PI-0000030', 'PO-0000027', 'P-0000001', 'B-0000004', 2091.55, 0, 10, 0, '20915.50', 1),
('PI-0000031', 'PO-0000028', 'P-0000002', 'B-0000004', 3050.33, 0, 3, 0, '9150.99', 1),
('PI-0000032', 'PO-0000029', 'P-0000003', 'B-0000001', 2290.67, 1, 1, 2290.67, '2290.67', 1),
('PI-0000033', 'PO-0000030', 'P-0000001', 'B-0000005', 2091.55, 10, 10, 20915.5, '20915.50', 1),
('PI-0000034', 'PO-0000031', 'P-0000001', 'B-0000005', 2091.55, 10, 10, 20915.5, '20915.50', 1),
('PI-0000035', 'PO-0000032', 'P-0000007', 'B-0000004', 2400.67, 0, 5, 0, '12003.35', 1),
('PI-0000036', 'PO-0000033', 'P-0000001', 'B-0000005', 2091.55, 0, 10, 0, '20915.50', 1);

-- --------------------------------------------------------

--
-- Table structure for table `tblsales`
--

CREATE TABLE `tblsales` (
  `id` varchar(10) NOT NULL,
  `total` decimal(20,2) NOT NULL,
  `taxid` int(254) NOT NULL,
  `vat` decimal(20,2) NOT NULL,
  `vattablesale` decimal(20,2) NOT NULL,
  `userid` varchar(10) NOT NULL,
  `branchid` varchar(10) NOT NULL,
  `active` tinyint(1) NOT NULL,
  `salesdate` date NOT NULL DEFAULT current_timestamp()
) ENGINE=InnoDB DEFAULT CHARSET=utf8mb4;

--
-- Dumping data for table `tblsales`
--

INSERT INTO `tblsales` (`id`, `total`, `taxid`, `vat`, `vattablesale`, `userid`, `branchid`, `active`, `salesdate`) VALUES
('S-0000026', '20757.00', 1, '2491.00', '18266.00', 'U-0000007', 'B-0000004', 1, '2022-10-18'),
('S-0000033', '3300.00', 1, '0.00', '0.00', 'U-0000005', 'B-0000003', 1, '2022-10-24'),
('S-0000054', '17853.67', 2, '0.00', '0.00', 'U-0000001', 'B-0000001', 1, '2022-11-04'),
('S-0000056', '9627.25', 1, '1155.27', '8471.98', 'U-0000001', 'B-0000001', 1, '2022-11-06'),
('S-0000057', '9627.25', 1, '1155.27', '8471.98', 'U-0000001', 'B-0000001', 1, '2022-11-06'),
('S-0000058', '5776.35', 1, '693.16', '5083.19', 'U-0000001', 'B-0000001', 1, '2022-11-06'),
('S-0000059', '9627.25', 1, '1155.27', '8471.98', 'U-0000001', 'B-0000001', 1, '2022-11-06'),
('S-0000060', '1210.56', 1, '145.27', '1065.29', 'U-0000001', 'B-0000001', 1, '2022-11-06'),
('S-0000061', '3850.90', 1, '462.11', '3388.79', 'U-0000001', 'B-0000001', 1, '2022-11-06'),
('S-0000062', '28881.75', 1, '3465.81', '25415.94', 'U-0000001', 'B-0000001', 1, '2022-11-06'),
('S-0000064', '2299.42', 1, '275.93', '2023.49', 'U-0000001', 'B-0000005', 1, '2022-11-08'),
('S-0000065', '3850.90', 1, '462.11', '3388.79', 'U-0000001', 'B-0000005', 1, '2022-11-08'),
('S-0000066', '2299.42', 1, '275.93', '2023.49', 'U-0000001', 'B-0000005', 1, '2022-11-09'),
('S-0000067', '1925.45', 1, '231.05', '1694.40', 'U-0000001', 'B-0000005', 1, '2022-11-09'),
('S-0000068', '188103.69', 1, '22572.44', '165531.25', 'U-0000001', 'B-0000003', 1, '2022-11-09'),
('S-0000069', '104502.05', 1, '12540.25', '91961.80', 'U-0000001', 'B-0000003', 1, '2022-11-09');

-- --------------------------------------------------------

--
-- Table structure for table `tblsalesitem`
--

CREATE TABLE `tblsalesitem` (
  `id` varchar(10) NOT NULL,
  `salesid` varchar(10) NOT NULL,
  `productid` varchar(10) NOT NULL,
  `price` decimal(20,2) NOT NULL,
  `quantity` int(10) NOT NULL,
  `total` double(20,2) NOT NULL
) ENGINE=InnoDB DEFAULT CHARSET=utf8mb4;

--
-- Dumping data for table `tblsalesitem`
--

INSERT INTO `tblsalesitem` (`id`, `salesid`, `productid`, `price`, `quantity`, `total`) VALUES
('SI-0000001', 'S-0000001', 'P-0000001', '2299.00', 1, 0.00),
('SI-0000002', 'S-0000001', 'P-0000002', '3355.00', 5, 16775.00),
('SI-0000003', 'S-0000002', 'P-0000001', '2299.00', 2, 0.00),
('SI-0000004', 'S-0000002', 'P-0000004', '3289.00', 10, 32890.00),
('SI-0000006', 'S-0000004', 'P-0000004', '3289.00', 4, 13156.00),
('SI-0000007', 'S-0000005', 'P-0000002', '3355.00', 1, 3355.00),
('SI-0000008', 'S-0000006', 'P-0000001', '2299.00', 1, 2299.00),
('SI-0000009', 'S-0000007', 'P-0000060', '16500.00', 1, 16500.00),
('SI-0000010', 'S-0000008', 'P-0000002', '3355.00', 1, 3355.00),
('SI-0000011', 'S-0000009', 'P-0000003', '2519.00', 1, 2519.00),
('SI-0000012', 'S-0000010', 'P-0000029', '65890.00', 5, 329450.00),
('SI-0000013', 'S-0000011', 'P-0000098', '26398.00', 2, 52796.00),
('SI-0000014', 'S-0000012', 'P-0000049', '1095.00', 5, 5475.00),
('SI-0000015', 'S-0000013', 'P-0000060', '16500.00', 1, 16500.00),
('SI-0000016', 'S-0000014', 'P-0000001', '2299.00', 3, 6897.00),
('SI-0000017', 'S-0000014', 'P-0000029', '65890.00', 3, 197670.00),
('SI-0000018', 'S-0000014', 'P-0000003', '2519.00', 5, 12595.00),
('SI-0000019', 'S-0000015', 'P-0000025', '16995.00', 1, 16995.00),
('SI-0000020', 'S-0000015', 'P-0000049', '1095.00', 2, 2190.00),
('SI-0000021', 'S-0000015', 'P-0000064', '18150.00', 3, 54450.00),
('SI-0000022', 'S-0000016', 'P-0000001', '2299.00', 3, 6897.00),
('SI-0000023', 'S-0000017', 'P-0000001', '2299.00', 10, 22990.00),
('SI-0000024', 'S-0000018', 'P-0000030', '120890.00', 2, 241780.00),
('SI-0000025', 'S-0000018', 'P-0000056', '29700.00', 3, 89100.00),
('SI-0000026', 'S-0000019', 'P-0000029', '65890.00', 5, 329450.00),
('SI-0000027', 'S-0000019', 'P-0000043', '6919.00', 5, 34595.00),
('SI-0000028', 'S-0000019', 'P-0000056', '29700.00', 5, 148500.00),
('SI-0000029', 'S-0000020', 'P-0000043', '6919.00', 5, 34595.00),
('SI-0000030', 'S-0000021', 'P-0000043', '6919.00', 4, 27676.00),
('SI-0000031', 'S-0000022', 'P-0000030', '120890.00', 5, 604450.00),
('SI-0000032', 'S-0000023', 'P-0000030', '120890.00', 1, 120890.00),
('SI-0000033', 'S-0000024', 'P-0000030', '120890.00', 1, 120890.00),
('SI-0000034', 'S-0000025', 'P-0000030', '120890.00', 10, 1208900.00),
('SI-0000035', 'S-0000026', 'P-0000043', '6919.00', 3, 20757.00),
('SI-0000052', 'S-0000045', 'P-0000005', '5060.77', 1, 5060.77),
('SI-0000053', 'S-0000046', 'P-0000007', '2640.88', 3, 0.00),
('SI-0000054', 'S-0000047', 'P-0000007', '2640.88', 5, 13204.40),
('SI-0000055', 'S-0000048', 'P-0000011', '1925.45', 8, 15403.60),
('SI-0000056', 'S-0000049', 'P-0000011', '1925.45', 3, 0.00),
('SI-0000057', 'S-0000049', 'P-0000007', '2640.88', 5, 13204.40),
('SI-0000058', 'S-0000050', 'P-0000007', '2640.88', 3, 0.00),
('SI-0000059', 'S-0000051', 'P-0000007', '2640.88', 1, 2640.88),
('SI-0000060', 'S-0000052', 'P-0000011', '1925.45', 3, 5776.35),
('SI-0000061', 'S-0000053', 'P-0000017', '1210.56', 1, 1210.56),
('SI-0000062', 'S-0000054', 'P-0000046', '8453.44', 3, 25360.32),
('SI-0000063', 'S-0000055', 'P-0000039', '27500.24', 5, 137501.20),
('SI-0000064', 'S-0000055', 'P-0000017', '1210.56', 1, 1210.56),
('SI-0000065', 'S-0000055', 'P-0000011', '1925.45', 5, 9627.25),
('SI-0000066', 'S-0000056', 'P-0000011', '1925.45', 5, 9627.25),
('SI-0000067', 'S-0000057', 'P-0000011', '1925.45', 5, 9627.25),
('SI-0000068', 'S-0000058', 'P-0000011', '1925.45', 3, 5776.35),
('SI-0000069', 'S-0000059', 'P-0000011', '1925.45', 5, 9627.25),
('SI-0000070', 'S-0000060', 'P-0000017', '1210.56', 1, 1210.56),
('SI-0000071', 'S-0000061', 'P-0000011', '1925.45', 2, 3850.90),
('SI-0000072', 'S-0000062', 'P-0000011', '1925.45', 10, 28881.75),
('SI-0000073', 'S-0000063', 'P-0000035', '46552.44', 2, 93104.88),
('SI-0000074', 'S-0000064', 'P-0000001', '2299.42', 1, 2299.42),
('SI-0000075', 'S-0000065', 'P-0000011', '1925.45', 2, 3850.90),
('SI-0000076', 'S-0000066', 'P-0000001', '2299.42', 1, 2299.42),
('SI-0000077', 'S-0000067', 'P-0000011', '1925.45', 1, 1925.45),
('SI-0000078', 'S-0000068', 'P-0000041', '20900.41', 9, 188103.69),
('SI-0000079', 'S-0000069', 'P-0000041', '20900.41', 5, 104502.05);

-- --------------------------------------------------------

--
-- Table structure for table `tblsalesreturn`
--

CREATE TABLE `tblsalesreturn` (
  `id` varchar(20) NOT NULL,
  `salesid` varchar(20) NOT NULL,
  `date` date NOT NULL DEFAULT current_timestamp(),
  `userid` varchar(20) NOT NULL
) ENGINE=InnoDB DEFAULT CHARSET=utf8mb4;

--
-- Dumping data for table `tblsalesreturn`
--

INSERT INTO `tblsalesreturn` (`id`, `salesid`, `date`, `userid`) VALUES
('SR-0000001', 'S-0000002', '2022-10-12', '0'),
('SR-0000002', 'S-0000004', '2022-10-12', '0'),
('SR-0000003', 'S-0000046', '2022-11-04', '0'),
('SR-0000004', 'S-0000049', '2022-11-04', '0'),
('SR-0000005', 'S-0000050', '2022-11-04', '0'),
('SR-0000006', 'S-0000051', '2022-11-04', '0'),
('SR-0000007', 'S-0000052', '2022-11-04', '0'),
('SR-0000008', 'S-0000053', '2022-11-04', '0'),
('SR-0000009', 'S-0000054', '2022-11-04', '0'),
('SR-0000010', 'S-0000063', '2022-11-08', 'U-0000001'),
('SR-0000011', 'S-0000062', '2022-11-08', 'U-0000001');

-- --------------------------------------------------------

--
-- Table structure for table `tblsalesreturnitem`
--

CREATE TABLE `tblsalesreturnitem` (
  `id` varchar(20) NOT NULL,
  `salesreturnid` varchar(20) NOT NULL,
  `salesitemid` varchar(20) NOT NULL,
  `price` decimal(20,2) NOT NULL,
  `quantity` int(11) NOT NULL,
  `totalprice` decimal(30,2) NOT NULL
) ENGINE=InnoDB DEFAULT CHARSET=utf8mb4;

--
-- Dumping data for table `tblsalesreturnitem`
--

INSERT INTO `tblsalesreturnitem` (`id`, `salesreturnid`, `salesitemid`, `price`, `quantity`, `totalprice`) VALUES
('SRI-0000001', '', 'SI-0000003', '0.00', 2, '0.00'),
('SRI-0000002', '', 'SI-0000006', '0.00', 4, '0.00'),
('SRI-0000003', '', 'SI-0000053', '2641.00', 3, '7923.00'),
('SRI-0000004', '', 'SI-0000056', '1925.45', 3, '5776.35'),
('SRI-0000005', '', 'SI-0000058', '2640.88', 3, '7922.64'),
('SRI-0000006', '', 'SI-0000059', '2640.88', 1, '2640.88'),
('SRI-0000007', '', 'SI-0000060', '1925.45', 3, '5776.35'),
('SRI-0000008', '', 'SI-0000061', '1210.56', 1, '1210.56'),
('SRI-0000009', '', 'SI-0000062', '8453.44', 3, '25360.32'),
('SRI-0000010', 'SR-0000011', 'SI-0000072', '1925.45', 10, '28881.75');

-- --------------------------------------------------------

--
-- Table structure for table `tblstocktransfer`
--

CREATE TABLE `tblstocktransfer` (
  `id` varchar(20) NOT NULL,
  `source` varchar(20) NOT NULL,
  `destination` varchar(20) NOT NULL,
  `userid` varchar(20) NOT NULL,
  `stdate` date NOT NULL DEFAULT current_timestamp()
) ENGINE=InnoDB DEFAULT CHARSET=utf8mb4;

--
-- Dumping data for table `tblstocktransfer`
--

INSERT INTO `tblstocktransfer` (`id`, `source`, `destination`, `userid`, `stdate`) VALUES
('ST-0000001', 'B-0000001', 'B-0000002', 'A-0000001', '2022-11-05'),
('ST-0000002', 'B-0000001', 'B-0000002', 'A-0000001', '2022-11-05'),
('ST-0000003', 'B-0000001', 'B-0000002', 'A-0000001', '2022-11-05'),
('ST-0000004', 'B-0000001', 'B-0000002', 'A-0000001', '2022-11-05'),
('ST-0000005', 'B-0000004', 'B-0000001', 'U-0000010', '2022-11-05'),
('ST-0000006', 'B-0000004', 'B-0000001', 'U-0000010', '2022-11-05'),
('ST-0000007', 'B-0000004', 'B-0000002', 'U-0000007', '2022-11-05'),
('ST-0000008', 'B-0000004', 'B-0000002', 'U-0000007', '2022-11-05'),
('ST-0000009', 'B-0000001', 'B-0000002', 'U-0000001', '2022-11-05'),
('ST-0000010', 'B-0000001', 'B-0000002', 'U-0000001', '2022-11-05'),
('ST-0000011', 'B-0000001', 'B-0000002', 'U-0000001', '2022-11-05'),
('ST-0000012', 'B-0000001', 'B-0000003', 'U-0000001', '2022-11-05'),
('ST-0000013', 'B-0000001', 'B-0000004', 'U-0000001', '2022-11-05'),
('ST-0000014', 'B-0000004', 'B-0000001', 'U-0000001', '2022-11-05'),
('ST-0000015', 'B-0000001', 'B-0000002', 'U-0000001', '2022-11-05'),
('ST-0000016', 'B-0000001', 'B-0000002', 'U-0000001', '2022-11-05'),
('ST-0000017', 'B-0000001', 'B-0000002', 'U-0000001', '2022-11-05'),
('ST-0000018', 'B-0000005', 'B-0000001', 'U-0000001', '2022-11-08'),
('ST-0000019', 'B-0000001', 'B-0000005', 'U-0000001', '2022-11-08'),
('ST-0000020', 'B-0000005', 'B-0000001', 'U-0000001', '2022-11-08'),
('ST-0000021', 'B-0000001', 'B-0000005', 'U-0000001', '2022-11-08'),
('ST-0000022', 'B-0000001', 'B-0000005', 'U-0000001', '2022-11-08'),
('ST-0000023', 'B-0000002', 'B-0000005', 'U-0000001', '2022-11-08');

-- --------------------------------------------------------

--
-- Table structure for table `tblstocktransferitem`
--

CREATE TABLE `tblstocktransferitem` (
  `id` varchar(20) NOT NULL,
  `stocktransferid` varchar(20) NOT NULL,
  `inventoryid` varchar(20) NOT NULL,
  `productid` varchar(20) NOT NULL,
  `quantity` int(100) NOT NULL
) ENGINE=InnoDB DEFAULT CHARSET=utf8mb4;

--
-- Dumping data for table `tblstocktransferitem`
--

INSERT INTO `tblstocktransferitem` (`id`, `stocktransferid`, `inventoryid`, `productid`, `quantity`) VALUES
('0000001', '', 'I-0000001', '', 5),
('0000002', '', 'I-0000001', '', 2),
('0000003', '', 'I-0000001', '', 2),
('0000004', '', 'I-0000007', '', 0),
('0000005', '', 'I-0000007', '', 5),
('0000006', '', 'I-0000001', '', 3),
('0000007', '', 'I-0000039', '', 22),
('0000008', '', 'I-0000001', '', 1),
('0000009', '', 'I-0000016', '', 1),
('STI-0000010', '', 'I-0000001', 'P-0000001', 10),
('STI-0000011', 'ST-0000012', 'I-0000001', 'P-0000001', 5),
('STI-0000012', 'ST-0000013', 'I-0000001', 'P-0000001', 3),
('STI-0000013', 'ST-0000014', 'I-0000118', 'P-0000001', 1),
('STI-0000014', 'ST-0000016', 'I-0000027', 'P-0000011', 5),
('STI-0000015', 'ST-0000017', 'I-0000023', 'P-0000007', 3),
('STI-0000016', 'ST-0000018', 'I-0000120', 'P-0000001', 5),
('STI-0000017', 'ST-0000019', 'I-0000001', 'P-0000001', 2),
('STI-0000018', 'ST-0000020', 'I-0000120', 'P-0000001', 5),
('STI-0000019', 'ST-0000021', 'I-0000027', 'P-0000011', 3),
('STI-0000020', 'ST-0000022', 'I-0000057', 'P-0000046', 50),
('STI-0000021', 'ST-0000023', 'I-0000020', 'P-0000098', 8);

-- --------------------------------------------------------

--
-- Table structure for table `tblsupplier`
--

CREATE TABLE `tblsupplier` (
  `id` varchar(254) NOT NULL,
  `name` varchar(49) NOT NULL,
  `contact` varchar(49) NOT NULL,
  `email` varchar(49) NOT NULL,
  `address` varchar(69) NOT NULL,
  `active` tinyint(1) NOT NULL
) ENGINE=InnoDB DEFAULT CHARSET=utf8mb4;

--
-- Dumping data for table `tblsupplier`
--

INSERT INTO `tblsupplier` (`id`, `name`, `contact`, `email`, `address`, `active`) VALUES
('S-0000001', 'Tecware', '+63 9215557167', 'tecware@gmail.com', '#22 Josefa Bldg. San Vicente Centro Urdaneta Pangasinan 2428 Urdaneta', 1),
('S-0000002', 'Asus', '+63 9195556353', 'asus@gmail.com', 'Hanston Building, Emerald Ave, Ortigas Center, Pasig, 1605 Metro Mani', 2),
('S-0000003', 'Gigabyte', '+63 8905550672', 'gigabyte@yahoo.com', '4448 Calatagan St, Makati, 1235 Metro Manila', 1),
('S-0000004', 'MSI ', '+63 9235557389', 'msi@yahoo.com', '4/F, The Annex, SM City North EDSA, 173, Sto. Cristo St, Quezon City,', 1),
('S-0000005', 'Galax', '+63 9857412568', 'galax@gmail.com', 'McKinley Pkwy, Taguig, 1630 Metro Manila', 1);

-- --------------------------------------------------------

--
-- Table structure for table `tbltax`
--

CREATE TABLE `tbltax` (
  `tax` int(254) NOT NULL
) ENGINE=InnoDB DEFAULT CHARSET=utf8mb4;

--
-- Dumping data for table `tbltax`
--

INSERT INTO `tbltax` (`tax`) VALUES
(12);

-- --------------------------------------------------------

--
-- Table structure for table `tblusers`
--

CREATE TABLE `tblusers` (
  `id` varchar(20) NOT NULL,
  `firstname` varchar(100) NOT NULL,
  `lastname` varchar(100) NOT NULL,
  `email` varchar(100) NOT NULL,
  `password` varchar(100) NOT NULL,
  `permission` int(1) NOT NULL,
  `branchid` varchar(10) NOT NULL,
  `active` tinyint(1) NOT NULL
) ENGINE=InnoDB DEFAULT CHARSET=utf8mb4;

--
-- Dumping data for table `tblusers`
--

INSERT INTO `tblusers` (`id`, `firstname`, `lastname`, `email`, `password`, `permission`, `branchid`, `active`) VALUES
('U-0000001', 'Jose', 'Itlog', 'josedelacruz@gmail.com', 'josed', 1, 'B-0000003', 1),
('U-0000002', 'Joze', 'Dela Cruz', 'josedelacruz@gmail.com', 'rtalman', 1, 'B-0000001', 1),
('U-0000003', 'Alex', 'Balmores', 'alexb@gmail.com', 'alexbalmores', 1, 'B-0000003', 1),
('U-0000004', 'Xiao', 'Cute', 'xiaocute@gmail.com', 'XiaoCute', 2, 'B-0000004', 1),
('U-0000005', 'Xiao', 'Cute', 'xiaocute@gmail.com', 'XiaoCute', 2, 'B-0000003', 1),
('U-0000006', 'Xiu', 'Mei', 'xiumei@gmail.com', 'XiuMei', 1, 'B-0000001', 1),
('U-0000007', 'Xin', 'Mei', 'xinmei@gmail.com', 'XinMei', 2, 'B-0000004', 1),
('U-0000008', 'Takao', 'Matakao', 'takao@gmail.com', 'TakaoMatakao', 3, 'B-0000001', 1),
('U-0000009', 'Bebang', 'Makulit', 'bebang@gmail.com', 'BebangMakulit', 3, 'B-0000002', 1),
('U-0000010', 'Puchoy', 'Pogi', 'chuypo@gmail.com', 'PuchoyPogi', 3, 'B-0000004', 1);

--
-- Indexes for dumped tables
--

--
-- Indexes for table `tblbranch`
--
ALTER TABLE `tblbranch`
  ADD PRIMARY KEY (`id`);

--
-- Indexes for table `tblcategory`
--
ALTER TABLE `tblcategory`
  ADD PRIMARY KEY (`id`);

--
-- Indexes for table `tblcompany`
--
ALTER TABLE `tblcompany`
  ADD PRIMARY KEY (`companyid`);

--
-- Indexes for table `tbldeliveryorder`
--
ALTER TABLE `tbldeliveryorder`
  ADD PRIMARY KEY (`id`);

--
-- Indexes for table `tbldeliveryorderitem`
--
ALTER TABLE `tbldeliveryorderitem`
  ADD PRIMARY KEY (`id`);

--
-- Indexes for table `tblinventory`
--
ALTER TABLE `tblinventory`
  ADD PRIMARY KEY (`id`);

--
-- Indexes for table `tblinventoryadjustment`
--
ALTER TABLE `tblinventoryadjustment`
  ADD PRIMARY KEY (`id`);

--
-- Indexes for table `tblinventoryadjustmentitem`
--
ALTER TABLE `tblinventoryadjustmentitem`
  ADD PRIMARY KEY (`id`);

--
-- Indexes for table `tblpayableitem`
--
ALTER TABLE `tblpayableitem`
  ADD PRIMARY KEY (`id`);

--
-- Indexes for table `tblpayables`
--
ALTER TABLE `tblpayables`
  ADD PRIMARY KEY (`id`);

--
-- Indexes for table `tblproducts`
--
ALTER TABLE `tblproducts`
  ADD PRIMARY KEY (`id`);

--
-- Indexes for table `tblpurchaseorder`
--
ALTER TABLE `tblpurchaseorder`
  ADD PRIMARY KEY (`id`);

--
-- Indexes for table `tblpurchaseorderitem`
--
ALTER TABLE `tblpurchaseorderitem`
  ADD PRIMARY KEY (`id`);

--
-- Indexes for table `tblsales`
--
ALTER TABLE `tblsales`
  ADD PRIMARY KEY (`id`);

--
-- Indexes for table `tblsalesitem`
--
ALTER TABLE `tblsalesitem`
  ADD PRIMARY KEY (`id`);

--
-- Indexes for table `tblsalesreturn`
--
ALTER TABLE `tblsalesreturn`
  ADD PRIMARY KEY (`id`);

--
-- Indexes for table `tblsalesreturnitem`
--
ALTER TABLE `tblsalesreturnitem`
  ADD PRIMARY KEY (`id`);

--
-- Indexes for table `tblstocktransfer`
--
ALTER TABLE `tblstocktransfer`
  ADD PRIMARY KEY (`id`);

--
-- Indexes for table `tblstocktransferitem`
--
ALTER TABLE `tblstocktransferitem`
  ADD PRIMARY KEY (`id`);

--
-- Indexes for table `tblsupplier`
--
ALTER TABLE `tblsupplier`
  ADD PRIMARY KEY (`id`);

--
-- Indexes for table `tbltax`
--
ALTER TABLE `tbltax`
  ADD PRIMARY KEY (`tax`);

--
-- Indexes for table `tblusers`
--
ALTER TABLE `tblusers`
  ADD PRIMARY KEY (`id`(10));

--
-- AUTO_INCREMENT for dumped tables
--

--
-- AUTO_INCREMENT for table `tbltax`
--
ALTER TABLE `tbltax`
  MODIFY `tax` int(254) NOT NULL AUTO_INCREMENT, AUTO_INCREMENT=13;
COMMIT;

/*!40101 SET CHARACTER_SET_CLIENT=@OLD_CHARACTER_SET_CLIENT */;
/*!40101 SET CHARACTER_SET_RESULTS=@OLD_CHARACTER_SET_RESULTS */;
/*!40101 SET COLLATION_CONNECTION=@OLD_COLLATION_CONNECTION */;
